City_ID,City,Country,Date,Lat,Lng,Max Temp,Humidity,Cloudiness,Wind Speed,Description
0,Chabahar,IR,2022-04-07 22:41:43,25.2919,60.643,79.0,68,0,11.27,clear sky
1,Marigot,MF,2022-04-07 22:41:44,18.0667,-63.0833,80.38,71,75,12.66,broken clouds
2,Olafsvik,IS,2022-04-07 22:41:44,64.8945,-23.7142,29.14,90,100,3.98,light snow
3,General Teran,MX,2022-04-07 22:41:44,25.2667,-99.6833,80.01,14,5,11.16,clear sky
4,Muros,ES,2022-04-07 22:41:45,42.7762,-9.0603,58.08,83,100,21.77,overcast clouds
5,Acapulco,MX,2022-04-07 22:41:46,16.8634,-99.8901,78.62,73,100,17.27,overcast clouds
6,Pevek,RU,2022-04-07 22:41:46,69.7008,170.3133,-1.03,83,100,8.12,overcast clouds
7,Rikitea,PF,2022-04-07 22:41:46,-23.1203,-134.9692,79.39,73,4,16.28,clear sky
8,East London,ZA,2022-04-07 22:41:47,-33.0153,27.9116,59.61,65,14,13.58,few clouds
9,Ushuaia,AR,2022-04-07 22:40:56,-54.8,-68.3,38.86,70,20,12.66,few clouds
10,Mataura,NZ,2022-04-07 22:41:48,-46.1927,168.8643,52.09,86,97,11.14,overcast clouds
11,Hervey Bay,AU,2022-04-07 22:41:48,-25.2986,152.8535,76.01,90,22,5.01,light rain
12,Hithadhoo,MV,2022-04-07 22:41:49,-0.6,73.0833,82.08,63,34,4.45,scattered clouds
13,Severo-Kurilsk,RU,2022-04-07 22:38:57,50.6789,156.125,32.07,74,100,2.48,overcast clouds
14,Dymer,UA,2022-04-07 22:41:50,50.7865,30.3026,50.95,68,100,13.02,overcast clouds
15,Kapaa,US,2022-04-07 22:41:50,22.0752,-159.319,80.58,72,40,20.71,scattered clouds
16,Saint-Georges,GD,2022-04-07 22:39:19,12.0564,-61.7485,80.28,78,40,11.5,scattered clouds
17,Hermanus,ZA,2022-04-07 22:41:51,-34.4187,19.2345,56.75,79,5,10.98,clear sky
18,New Norfolk,AU,2022-04-07 22:41:51,-42.7826,147.0587,53.92,80,13,1.01,few clouds
19,Longyearbyen,SJ,2022-04-07 22:40:08,78.2186,15.6401,6.64,78,20,17.27,few clouds
20,Hobart,AU,2022-04-07 22:41:52,-42.8794,147.3294,54.27,88,0,9.22,clear sky
21,Merauke,ID,2022-04-07 22:41:52,-8.4667,140.3333,80.69,82,81,9.86,broken clouds
22,Castro,BR,2022-04-07 22:41:53,-24.7911,-50.0119,63.77,92,100,5.46,moderate rain
23,Qaanaaq,GL,2022-04-07 22:41:53,77.484,-69.3632,-5.75,73,9,7.16,clear sky
24,San Luis,AR,2022-04-07 22:41:54,-33.295,-66.3356,72.79,35,15,10.94,few clouds
25,Bluff,NZ,2022-04-07 22:41:54,-46.6,168.3333,56.46,63,81,28.59,broken clouds
26,Jamestown,US,2022-04-07 22:38:31,42.097,-79.2353,43.95,78,100,8.05,light rain
27,Saint-Philippe,RE,2022-04-07 22:41:55,-21.3585,55.7679,72.99,85,56,14.09,light rain
28,Liverpool,GB,2022-04-07 22:39:36,53.4106,-2.9779,43.83,82,40,10.36,scattered clouds
29,Isangel,VU,2022-04-07 22:41:55,-19.55,169.2667,82.98,71,100,12.82,overcast clouds
30,Umm Kaddadah,SD,2022-04-07 22:41:56,13.6017,26.6876,81.05,11,0,10.56,clear sky
31,Coquimbo,CL,2022-04-07 22:38:57,-29.9533,-71.3436,58.73,88,40,11.5,scattered clouds
32,Avarua,CK,2022-04-07 22:40:15,-21.2078,-159.775,86.05,74,20,13.8,few clouds
33,Hay River,CA,2022-04-07 22:39:20,60.8156,-115.7999,49.98,29,75,8.05,broken clouds
34,Pangnirtung,CA,2022-04-07 22:41:57,66.1451,-65.7125,12.2,92,100,2.3,light snow
35,Khatanga,RU,2022-04-07 22:41:57,71.9667,102.5,1.74,93,99,11.54,overcast clouds
36,Carnarvon,AU,2022-04-07 22:41:58,-24.8667,113.6333,77.07,78,100,10.36,overcast clouds
37,Cherskiy,RU,2022-04-07 22:41:58,68.75,161.3,-5.39,94,80,4.18,broken clouds
38,Northam,GB,2022-04-07 22:41:58,51.0333,-4.2167,44.65,83,98,10.27,overcast clouds
39,Dong Xoai,VN,2022-04-07 22:41:59,11.5333,106.9167,69.21,69,100,4.56,overcast clouds
40,Port Alfred,ZA,2022-04-07 22:41:59,-33.5906,26.891,55.18,81,42,4.0,scattered clouds
41,Yulara,AU,2022-04-07 22:42:00,-25.2406,130.9889,58.84,51,0,4.61,clear sky
42,Punta Arenas,CL,2022-04-07 22:39:04,-53.15,-70.9167,42.91,75,0,5.75,clear sky
43,Kavaratti,IN,2022-04-07 22:39:00,10.5669,72.642,83.01,73,54,5.88,broken clouds
44,Nemuro,JP,2022-04-07 22:42:01,43.3236,145.575,32.59,85,96,9.95,overcast clouds
45,Uwajima,JP,2022-04-07 22:42:01,33.2238,132.56,59.14,72,0,3.74,clear sky
46,Deputatskiy,RU,2022-04-07 22:43:02,69.3,139.9,-7.49,99,100,3.53,overcast clouds
47,Butaritari,KI,2022-04-07 22:43:02,3.0707,172.7902,81.14,80,100,14.56,light rain
48,Jinchang,CN,2022-04-07 22:43:03,38.4953,102.1739,54.45,15,86,10.42,overcast clouds
49,Ribeira Grande,PT,2022-04-07 22:43:03,38.5167,-28.7,60.69,83,100,8.72,overcast clouds
50,Georgetown,MY,2022-04-07 22:41:48,5.4112,100.3354,78.73,93,20,3.44,few clouds
51,Nome,US,2022-04-07 22:43:04,64.5011,-165.4064,-1.84,59,0,17.27,clear sky
52,Provideniya,RU,2022-04-07 22:43:04,64.3833,-173.3,5.11,78,40,7.0,light snow
53,Albany,US,2022-04-07 22:40:52,42.6001,-73.9662,46.94,92,100,3.0,moderate rain
54,Esperance,AU,2022-04-07 22:43:05,-33.8667,121.9,58.84,56,53,18.54,broken clouds
55,Arraial Do Cabo,BR,2022-04-07 22:43:06,-22.9661,-42.0278,75.16,88,75,5.75,broken clouds
56,Gourdon,FR,2022-04-07 22:43:06,44.75,1.5,50.27,98,100,10.42,overcast clouds
57,Ouadda,CF,2022-04-07 22:43:06,8.0777,22.4007,68.4,88,92,1.88,overcast clouds
58,Ponta Delgada,PT,2022-04-07 22:43:07,37.7333,-25.6667,59.72,100,75,12.66,mist
59,Sakaiminato,JP,2022-04-07 22:39:17,35.55,133.2333,53.53,76,75,16.11,broken clouds
60,San Patricio,US,2022-04-07 22:43:08,28.017,-97.5169,82.27,17,0,13.71,clear sky
61,Krasnoselkup,RU,2022-04-07 22:43:08,65.7,82.4667,0.3,99,95,5.06,overcast clouds
62,Torbay,CA,2022-04-07 22:43:09,47.6666,-52.7314,35.76,95,100,19.57,light rain
63,Bredasdorp,ZA,2022-04-07 22:43:10,-34.5322,20.0403,55.67,76,11,4.59,few clouds
64,Guerrero Negro,MX,2022-04-07 22:43:10,27.9769,-114.0611,81.48,30,4,13.71,clear sky
65,Hilo,US,2022-04-07 22:38:20,19.7297,-155.09,80.33,57,100,13.8,overcast clouds
66,Cape Town,ZA,2022-04-07 22:43:08,-33.9258,18.4232,60.28,68,0,20.71,clear sky
67,Honningsvag,NO,2022-04-07 22:43:11,70.9821,25.9704,32.47,75,93,23.13,light snow
68,Emba,KZ,2022-04-07 22:43:11,48.8264,58.1442,41.74,77,4,1.12,clear sky
69,Lavrentiya,RU,2022-04-07 22:43:12,65.5833,-171.0,-3.19,77,90,5.39,overcast clouds
70,Deniliquin,AU,2022-04-07 22:43:13,-35.5333,144.9667,59.9,85,100,13.69,light rain
71,Iquique,CL,2022-04-07 22:43:13,-20.2208,-70.1431,66.24,77,81,0.58,broken clouds
72,Svobodnyy,RU,2022-04-07 22:43:14,51.4,128.1333,28.69,95,100,11.72,snow
73,Ambatofinandrahana,MG,2022-04-07 22:43:14,-20.55,46.8,59.67,93,28,2.98,scattered clouds
74,Ayan,RU,2022-04-07 22:43:15,56.45,138.1667,23.13,76,79,4.12,broken clouds
75,Sabang,ID,2022-04-07 22:43:15,5.8933,95.3214,81.97,73,93,16.13,overcast clouds
76,Sebeta,ET,2022-04-07 22:43:16,8.9167,38.6167,57.65,38,16,4.21,few clouds
77,Leningradskiy,RU,2022-04-07 22:43:16,69.3833,178.4167,-3.78,87,100,12.33,overcast clouds
78,Zhigansk,RU,2022-04-07 22:43:17,66.7697,123.3711,-3.96,100,100,6.11,overcast clouds
79,Atuona,PF,2022-04-07 22:42:02,-9.8,-139.0333,79.21,72,25,14.63,scattered clouds
80,Geraldton,AU,2022-04-07 22:43:17,-28.7667,114.6,73.81,83,40,9.22,scattered clouds
81,Coahuayana,MX,2022-04-07 22:43:18,18.7333,-103.6833,82.06,55,65,5.93,broken clouds
82,Vila,PT,2022-04-07 22:43:18,42.0304,-8.1588,45.48,85,91,8.88,overcast clouds
83,Carauari,BR,2022-04-07 22:43:19,-4.8828,-66.8958,75.74,95,85,1.77,overcast clouds
84,Nikolskoye,RU,2022-04-07 22:43:19,59.7035,30.7861,41.81,99,100,7.31,overcast clouds
85,Port Augusta,AU,2022-04-07 22:43:20,-32.5,137.7667,68.7,53,10,7.65,clear sky
86,Nusaybin,TR,2022-04-07 22:43:20,37.0778,41.2178,60.85,55,89,2.17,overcast clouds
87,Anklam,DE,2022-04-07 22:43:21,53.8564,13.6897,43.05,81,86,24.49,overcast clouds
88,Morehead,US,2022-04-07 22:43:21,37.2711,-87.1764,54.79,51,100,8.99,overcast clouds
89,Nanortalik,GL,2022-04-07 22:43:22,60.1432,-45.2371,28.94,88,99,10.76,overcast clouds
90,Norman Wells,CA,2022-04-07 22:43:22,65.282,-126.8329,39.24,35,20,16.11,few clouds
91,Luderitz,NA,2022-04-07 22:44:23,-26.6481,15.1594,62.26,61,19,14.61,few clouds
92,Berberati,CF,2022-04-07 22:44:24,4.2612,15.7922,74.16,69,12,2.1,few clouds
93,Axim,GH,2022-04-07 22:44:24,4.8699,-2.2405,81.07,85,92,7.16,overcast clouds
94,Saint George,US,2022-04-07 22:44:25,37.1041,-113.5841,80.26,9,0,4.61,clear sky
95,Mantua,IT,2022-04-07 22:44:25,45.1667,10.7833,56.44,78,80,5.01,broken clouds
96,Tuktoyaktuk,CA,2022-04-07 22:44:26,69.4541,-133.0374,21.2,73,40,5.75,scattered clouds
97,Klaksvik,FO,2022-04-07 22:44:26,62.2266,-6.589,34.72,66,100,35.19,overcast clouds
98,Vaini,TO,2022-04-07 22:44:26,-21.2,-175.2,82.56,83,75,1.14,broken clouds
99,Airai,TL,2022-04-07 22:44:27,-8.9266,125.4092,63.01,74,100,1.95,overcast clouds
100,Dikson,RU,2022-04-07 22:44:28,73.5069,80.5464,1.89,98,100,10.8,overcast clouds
101,Ponta Do Sol,PT,2022-04-07 22:44:28,32.6667,-17.1,59.72,73,52,2.44,broken clouds
102,Cabo San Lucas,MX,2022-04-07 22:42:18,22.8909,-109.9124,85.6,34,0,6.91,clear sky
103,Port Elizabeth,ZA,2022-04-07 22:44:29,-33.918,25.5701,59.29,79,75,13.8,light rain
104,Bubaque,GW,2022-04-07 22:44:29,11.2833,-15.8333,76.14,77,34,15.39,scattered clouds
105,Xai-Xai,MZ,2022-04-07 22:44:30,-25.0519,33.6442,75.02,78,70,16.17,broken clouds
106,Taoudenni,ML,2022-04-07 22:44:30,22.6783,-3.9836,83.84,10,0,10.47,clear sky
107,Rawlins,US,2022-04-07 22:44:31,41.7911,-107.2387,49.89,11,0,20.71,clear sky
108,Chuy,UY,2022-04-07 22:44:31,-33.6971,-53.4616,64.08,89,100,6.31,overcast clouds
109,Saint Pete Beach,US,2022-04-07 22:44:32,27.7253,-82.7412,74.28,79,100,11.5,overcast clouds
110,Port Lincoln,AU,2022-04-07 22:44:32,-34.7333,135.8667,64.58,79,8,7.29,clear sky
111,Cidreira,BR,2022-04-07 22:44:33,-30.1811,-50.2056,70.07,89,100,10.25,light rain
112,Cabedelo,BR,2022-04-07 22:44:33,-6.9811,-34.8339,79.47,80,77,9.55,broken clouds
113,Morros,BR,2022-04-07 22:44:34,-9.4467,-46.3003,77.81,51,86,3.83,overcast clouds
114,Bharwari,IN,2022-04-07 22:44:34,25.55,81.5,78.85,11,9,4.16,clear sky
115,Vao,NC,2022-04-07 22:44:35,-22.6667,167.4833,80.06,82,97,34.31,heavy intensity rain
116,Waddan,LY,2022-04-07 22:44:37,29.1614,16.139,61.36,56,0,12.48,clear sky
117,Barrow,US,2022-04-07 22:44:37,71.2906,-156.7887,1.42,71,0,0.0,clear sky
118,Half Moon Bay,US,2022-04-07 22:40:02,37.4636,-122.4286,95.79,24,40,5.75,scattered clouds
119,Cubuk,TR,2022-04-07 22:44:38,40.2386,33.0322,55.15,66,75,12.66,broken clouds
120,Ixtapa,MX,2022-04-07 22:44:38,20.7,-105.2,84.79,50,12,7.05,few clouds
121,Dingle,PH,2022-04-07 22:44:39,10.9995,122.6711,74.7,92,100,7.96,heavy intensity rain
122,Hofn,IS,2022-04-07 22:44:39,64.2539,-15.2082,29.46,61,81,14.81,broken clouds
123,Avaton,GR,2022-04-07 22:44:40,40.9667,24.8,52.54,82,99,3.13,overcast clouds
124,Coello,CO,2022-04-07 22:44:40,4.2891,-74.8982,84.38,79,100,3.33,overcast clouds
125,Sabha,LY,2022-04-07 22:44:40,27.0377,14.4283,71.98,33,0,24.0,clear sky
126,Bowen,AU,2022-04-07 22:44:41,-20.0167,148.2333,80.17,71,64,11.88,broken clouds
127,Hamilton,US,2022-04-07 22:41:38,39.1834,-84.5333,51.89,54,100,14.97,overcast clouds
128,Kodiak,US,2022-04-07 22:44:41,57.79,-152.4072,38.71,75,100,6.91,light snow
129,Mar Del Plata,AR,2022-04-07 22:44:42,-38.0023,-57.5575,64.09,89,75,11.99,broken clouds
130,Hasaki,JP,2022-04-07 22:44:42,35.7333,140.8333,57.6,50,16,7.07,few clouds
131,Koppies,ZA,2022-04-07 22:44:43,-27.2418,27.5742,53.35,38,1,5.95,clear sky
132,Ko Samui,TH,2022-04-07 22:44:45,9.5357,99.9357,82.49,66,75,1.61,broken clouds
133,Kaitangata,NZ,2022-04-07 22:44:45,-46.2817,169.8464,53.65,79,99,15.46,overcast clouds
134,Lazaro Cardenas,MX,2022-04-07 22:44:46,17.9583,-102.2,80.46,59,26,8.34,scattered clouds
135,Kavieng,PG,2022-04-07 22:44:46,-2.5744,150.7967,77.92,89,100,3.36,moderate rain
136,Narsaq,GL,2022-04-07 22:45:46,60.9167,-46.05,35.82,90,48,0.47,scattered clouds
137,Tiksi,RU,2022-04-07 22:45:47,71.6872,128.8694,-8.45,99,70,0.89,broken clouds
138,Luwuk,ID,2022-04-07 22:45:47,-0.9516,122.7875,78.89,78,100,2.1,overcast clouds
139,Yellowknife,CA,2022-04-07 22:41:40,62.456,-114.3525,37.92,41,20,8.05,few clouds
140,Flin Flon,CA,2022-04-07 22:45:48,54.7682,-101.865,44.44,45,40,3.44,scattered clouds
141,San Cristobal,VE,2022-04-07 22:45:49,7.7669,-72.225,78.98,66,75,3.13,broken clouds
142,Diapaga,BF,2022-04-07 22:45:49,12.0708,1.7889,93.43,24,25,5.95,scattered clouds
143,Sept-Iles,CA,2022-04-07 22:45:50,50.2001,-66.3821,41.43,56,20,5.75,few clouds
144,Tual,ID,2022-04-07 22:45:50,-5.6667,132.75,83.73,73,96,9.73,overcast clouds
145,Muli,MV,2022-04-07 22:45:51,2.9167,73.5667,82.85,69,64,4.09,broken clouds
146,Wad Rawah,SD,2022-04-07 22:45:51,15.1603,33.1397,91.62,17,2,8.68,clear sky
147,Sao Filipe,CV,2022-04-07 22:45:52,14.8961,-24.4956,72.45,75,34,7.78,scattered clouds
148,Poum,NC,2022-04-07 22:45:52,-20.2333,164.0167,81.66,80,100,17.11,overcast clouds
149,Ajdabiya,LY,2022-04-07 22:45:53,30.7554,20.2263,60.21,76,4,18.61,clear sky
150,Nyurba,RU,2022-04-07 22:45:53,63.2842,118.3319,9.1,95,100,6.17,overcast clouds
151,Dalaba,GN,2022-04-07 22:45:54,10.7,-12.25,75.81,47,99,3.15,overcast clouds
152,San Quintin,MX,2022-04-07 22:45:54,30.4833,-115.95,78.73,33,2,7.58,clear sky
153,Brae,GB,2022-04-07 22:45:54,60.3964,-1.353,41.18,67,98,25.14,overcast clouds
154,Kawalu,ID,2022-04-07 22:45:55,-7.3817,108.2082,70.47,95,82,2.44,broken clouds
155,Beringovskiy,RU,2022-04-07 22:45:55,63.05,179.3167,6.73,64,19,2.21,few clouds
156,Puerto Ayora,EC,2022-04-07 22:45:56,-0.7393,-90.3518,84.16,77,26,8.72,scattered clouds
157,Kure,JP,2022-04-07 22:45:56,34.2333,132.5667,54.52,73,0,4.63,clear sky
158,Veraval,IN,2022-04-07 22:45:56,20.9,70.3667,83.01,50,71,10.83,broken clouds
159,Owando,CG,2022-04-07 22:45:57,-0.4819,15.8999,75.07,80,46,1.59,scattered clouds
160,Berlevag,NO,2022-04-07 22:45:57,70.8578,29.0864,32.0,77,58,21.39,broken clouds
161,Bud,US,2022-04-07 22:45:58,39.447,-86.1758,47.75,77,99,14.72,overcast clouds
162,Mahebourg,MU,2022-04-07 22:45:58,-20.4081,57.7,79.09,83,40,10.36,scattered clouds
163,Ndele,CF,2022-04-07 22:45:59,8.4109,20.6473,76.89,66,96,3.15,overcast clouds
164,Trairi,BR,2022-04-07 22:45:59,-3.2778,-39.2689,75.79,93,100,6.96,overcast clouds
165,Novoagansk,RU,2022-04-07 22:46:00,61.9449,76.6625,12.9,99,100,5.55,overcast clouds
166,Aklavik,CA,2022-04-07 22:46:00,68.2191,-135.0107,33.8,47,75,2.3,broken clouds
167,Thompson,CA,2022-04-07 22:42:52,55.7435,-97.8558,42.96,28,0,3.44,clear sky
168,Cockburn Town,TC,2022-04-07 22:46:01,21.4612,-71.1419,78.39,76,1,20.49,clear sky
169,Laguna,US,2022-04-07 22:47:59,38.421,-121.4238,91.18,26,0,4.61,clear sky
170,Saldanha,ZA,2022-04-07 22:48:00,-33.0117,17.9442,57.25,70,1,19.24,clear sky
171,Ratnagiri,IN,2022-04-07 22:48:01,16.9833,73.3,77.85,84,5,4.03,clear sky
172,Bundaberg,AU,2022-04-07 22:48:01,-24.85,152.35,79.21,78,16,11.5,few clouds
173,Humberto De Campos,BR,2022-04-07 22:48:02,-2.5983,-43.4611,76.46,91,95,5.95,light rain
174,Scarborough,GB,2022-04-07 22:48:57,54.2797,-0.4044,38.66,81,99,5.01,overcast clouds
175,Bethel,US,2022-04-07 22:45:19,41.3712,-73.414,50.85,90,100,13.8,overcast clouds
176,Kisumu,KE,2022-04-07 22:49:03,-0.1022,34.7617,68.43,62,90,5.91,overcast clouds
177,Bengkulu,ID,2022-04-07 22:49:03,-3.8004,102.2655,73.98,80,96,4.05,overcast clouds
178,Santa Barbara,US,2022-04-07 22:44:31,34.7333,-120.0343,88.99,13,0,10.36,haze
179,Saint-Michel-Des-Saints,CA,2022-04-07 22:45:43,46.6834,-73.9159,34.93,98,100,11.77,light snow
180,Doha,QA,2022-04-07 22:49:04,25.2867,51.5333,75.18,75,0,2.3,clear sky
181,Bonfim,BR,2022-04-07 22:49:05,3.0833,-59.95,84.72,57,67,9.6,broken clouds
182,Pringsewu,ID,2022-04-07 22:49:05,-5.3582,104.9744,73.06,92,98,5.17,overcast clouds
183,Nagamangala,IN,2022-04-07 22:49:06,12.8156,76.7575,72.07,58,31,3.24,scattered clouds
184,Pontianak,ID,2022-04-07 22:49:06,-0.0333,109.3333,73.38,100,75,2.3,broken clouds
185,Busselton,AU,2022-04-07 22:49:07,-33.65,115.3333,64.35,74,91,9.35,overcast clouds
186,Wakkanai,JP,2022-04-07 22:49:07,45.4094,141.6739,38.53,67,52,19.98,broken clouds
187,Namatanai,PG,2022-04-07 22:49:08,-3.6667,152.4333,77.5,90,100,0.22,moderate rain
188,Lebu,CL,2022-04-07 22:48:11,-37.6167,-73.65,56.66,96,51,9.93,broken clouds
189,Bogandinskiy,RU,2022-04-07 22:49:09,56.8937,65.8938,26.87,90,7,7.74,clear sky
190,Garowe,SO,2022-04-07 22:49:09,8.4054,48.4845,72.23,86,10,9.01,clear sky
191,Belmonte,BR,2022-04-07 22:49:10,-15.8631,-38.8828,76.84,78,0,7.23,clear sky
192,Hoquiam,US,2022-04-07 22:49:11,46.9809,-123.8893,76.44,45,0,18.41,clear sky
193,Naze,JP,2022-04-07 22:49:11,28.3667,129.4833,65.32,65,23,11.99,few clouds
194,Sungaipenuh,ID,2022-04-07 22:49:12,-2.0833,101.3833,61.72,88,78,1.52,broken clouds
195,Talnakh,RU,2022-04-07 22:49:12,69.4865,88.3972,2.61,99,100,3.62,overcast clouds
196,Bambous Virieux,MU,2022-04-07 22:49:13,-20.3428,57.7575,79.05,83,40,10.36,light rain
197,Saskylakh,RU,2022-04-07 22:49:13,71.9167,114.0833,-20.04,100,36,3.58,scattered clouds
198,Solnechnyy,RU,2022-04-07 22:49:14,50.7214,136.6319,26.6,62,4,1.41,clear sky
199,Havoysund,NO,2022-04-07 22:49:14,70.9963,24.6622,33.4,86,100,19.93,light snow
200,Mbandaka,CD,2022-04-07 22:49:15,0.0487,18.2603,73.9,90,53,2.37,broken clouds
201,Talara,PE,2022-04-07 22:49:15,-4.5772,-81.2719,79.56,65,0,17.27,clear sky
202,Rawson,AR,2022-04-07 22:49:16,-43.3002,-65.1023,56.95,84,100,17.67,light rain
203,Groningen,NL,2022-04-07 22:44:38,53.25,6.75,43.21,85,100,14.97,overcast clouds
204,Rundu,NA,2022-04-07 22:49:16,-17.9333,19.7667,75.24,47,97,3.56,overcast clouds
205,Clyde River,CA,2022-04-07 22:49:17,70.4692,-68.5914,8.83,78,100,13.8,light snow
206,Santa Maria Del Oro,MX,2022-04-07 22:45:16,25.9333,-105.3667,80.15,13,4,22.01,clear sky
207,Yinchuan,CN,2022-04-07 22:49:18,38.4681,106.2731,58.06,12,1,7.96,clear sky
208,Polevskoy,RU,2022-04-07 22:49:18,56.4422,60.1878,27.1,89,65,11.77,broken clouds
209,Celestun,MX,2022-04-07 22:49:19,20.8667,-90.4,81.63,82,57,19.42,broken clouds
210,Nautla,MX,2022-04-07 22:49:19,20.2167,-96.7833,75.4,63,67,19.95,broken clouds
211,Ranong,TH,2022-04-07 22:49:20,9.9658,98.6348,77.04,84,61,3.04,broken clouds
212,Alice Springs,AU,2022-04-07 22:45:33,-23.7,133.8833,60.35,51,0,0.0,clear sky
213,Beira,MZ,2022-04-07 22:49:21,-19.8436,34.8389,78.89,88,20,5.99,few clouds
214,Upernavik,GL,2022-04-07 22:49:21,72.7868,-56.1549,5.92,96,100,1.03,overcast clouds
215,Port Keats,AU,2022-04-07 22:49:22,-14.25,129.55,82.08,78,98,3.71,overcast clouds
216,Priyutnoye,RU,2022-04-07 22:49:23,46.1011,43.5072,46.08,60,1,17.34,clear sky
217,Victoria,HK,2022-04-07 22:44:27,22.2855,114.1577,74.17,53,0,8.99,clear sky
218,Chatellerault,FR,2022-04-07 22:49:23,46.8,0.5333,53.56,57,100,10.13,overcast clouds
219,Mount Isa,AU,2022-04-07 22:49:24,-20.7333,139.5,74.97,29,0,12.66,clear sky
220,Santa Rosa,PH,2022-04-07 22:50:24,14.3122,121.1114,81.01,80,96,6.11,overcast clouds
221,Zatoka,UA,2022-04-07 22:50:25,46.0725,30.4654,45.7,91,100,6.73,overcast clouds
222,Tasiilaq,GL,2022-04-07 22:50:26,65.6145,-37.6368,20.03,94,100,10.51,light snow
223,Paita,PE,2022-04-07 22:50:26,-5.0892,-81.1144,73.42,76,42,19.73,scattered clouds
224,Lyngseidet,NO,2022-04-07 22:50:27,69.5763,20.2189,23.0,78,84,7.83,broken clouds
225,Tarrafal,CV,2022-04-07 22:50:27,15.2833,-23.7667,70.59,80,22,17.29,few clouds
226,Padang,ID,2022-04-07 22:50:28,-0.9492,100.3543,73.45,70,98,2.51,overcast clouds
227,Bilma,NE,2022-04-07 22:50:28,18.6853,12.9164,87.57,7,0,7.31,clear sky
228,Uvalde,US,2022-04-07 22:47:03,29.3669,-99.767,80.31,9,0,0.0,clear sky
229,Abu Samrah,SY,2022-04-07 22:50:29,35.3029,37.1841,60.76,52,99,5.28,overcast clouds
230,Turayf,SA,2022-04-07 22:50:29,31.6725,38.6637,70.05,32,0,4.61,clear sky
231,Pokhara,NP,2022-04-07 22:50:30,28.2333,83.9833,69.53,45,26,5.64,scattered clouds
232,Yovon,TJ,2022-04-07 22:50:31,38.3141,69.0378,62.28,45,39,8.3,scattered clouds
233,Mbanza-Ngungu,CD,2022-04-07 22:49:38,-5.25,14.8667,70.27,96,98,3.38,overcast clouds
234,Halifax,CA,2022-04-07 22:49:59,44.6453,-63.5724,46.29,63,20,4.61,few clouds
235,Yar-Sale,RU,2022-04-07 22:50:32,66.8333,70.8333,-7.58,99,100,8.19,overcast clouds
236,Necochea,AR,2022-04-07 22:50:32,-38.5473,-58.7368,59.2,81,95,12.5,light rain
237,Lata,PT,2022-04-07 22:50:33,40.1629,-8.3327,57.81,78,100,2.75,overcast clouds
238,Betioky,MG,2022-04-07 22:50:33,-23.7167,44.3833,70.18,89,22,0.78,few clouds
239,Kahului,US,2022-04-07 22:50:34,20.8947,-156.47,84.22,45,40,26.46,scattered clouds
240,San Martin,AR,2022-04-07 22:50:34,-33.081,-68.4681,81.14,34,7,9.48,clear sky
241,Bara,NG,2022-04-07 22:47:30,10.3744,10.7288,86.41,22,30,5.03,scattered clouds
242,Dali,CN,2022-04-07 22:50:35,25.7,100.1833,51.84,84,57,2.62,broken clouds
243,Njombe,TZ,2022-04-07 22:50:35,-9.3333,34.7667,57.09,98,71,1.79,broken clouds
244,Skelleftea,SE,2022-04-07 22:50:36,64.7507,20.9528,23.36,69,100,4.61,overcast clouds
245,Westport,US,2022-04-07 22:45:45,41.1415,-73.3579,51.57,94,100,21.85,mist
246,West Odessa,US,2022-04-07 22:50:36,31.8424,-102.4988,70.05,10,0,3.44,clear sky
247,Montes Altos,BR,2022-04-07 22:50:37,-5.8333,-47.0667,74.62,90,23,3.22,few clouds
248,Vila Velha,BR,2022-04-07 22:50:37,-20.3297,-40.2925,78.75,84,75,8.05,broken clouds
249,Ketchikan,US,2022-04-07 22:50:38,55.3422,-131.6461,46.87,71,75,8.05,broken clouds
250,Kitui,KE,2022-04-07 22:50:38,-1.367,38.0106,65.08,74,96,2.06,overcast clouds
251,Sorland,NO,2022-04-07 22:50:39,67.667,12.6934,36.82,47,12,16.28,few clouds
252,Challans,FR,2022-04-07 22:50:39,46.8436,-1.8749,52.72,98,100,7.94,overcast clouds
253,Nouadhibou,MR,2022-04-07 22:50:40,20.931,-17.0347,64.53,77,0,21.45,clear sky
254,Gondar,ET,2022-04-07 22:50:41,12.6,37.4667,65.01,24,75,6.33,broken clouds
255,Alofi,NU,2022-04-07 22:50:41,-19.0595,-169.9187,84.09,74,75,14.97,broken clouds
256,Gizo,SB,2022-04-07 22:50:42,-8.103,156.8419,83.66,75,89,14.34,overcast clouds
257,Caravelas,BR,2022-04-07 22:50:44,-17.7125,-39.2481,78.04,79,45,6.13,scattered clouds
258,Nelson Bay,AU,2022-04-07 22:50:44,-32.7167,152.15,74.08,73,80,14.23,broken clouds
259,Morden,CA,2022-04-07 22:49:17,49.1919,-98.1014,37.24,75,99,20.71,overcast clouds
260,Tuatapere,NZ,2022-04-07 22:50:45,-46.1333,167.6833,57.49,61,93,15.79,overcast clouds
261,Yerbogachen,RU,2022-04-07 22:50:46,61.2767,108.0108,26.19,94,100,8.97,overcast clouds
262,Samarai,PG,2022-04-07 22:50:47,-10.6167,150.6667,82.72,75,96,11.99,light rain
263,Kholodnyy,RU,2022-04-07 22:50:48,62.7167,147.95,12.96,86,100,1.34,overcast clouds
264,Clarence Town,AU,2022-04-07 22:50:48,-32.5833,151.7833,73.94,87,80,6.49,light rain
265,Luzhou,CN,2022-04-07 22:51:49,28.8724,105.4405,62.64,70,74,1.88,broken clouds
266,Kununurra,AU,2022-04-07 22:51:49,-15.7667,128.7333,78.78,94,98,3.44,overcast clouds
267,Glendive,US,2022-04-07 22:51:50,47.1053,-104.7125,51.76,35,20,20.71,few clouds
268,Morondava,MG,2022-04-07 22:51:51,-20.2833,44.2833,76.51,72,1,9.46,clear sky
269,Santa Cruz,BO,2022-04-07 22:50:05,-17.8,-63.1667,84.25,61,40,11.5,scattered clouds
270,Kenai,US,2022-04-07 22:51:52,60.5544,-151.2583,46.02,65,0,8.05,clear sky
271,Amapa,BR,2022-04-07 22:51:53,1.0,-52.0,73.18,98,95,3.67,overcast clouds
272,Tecoanapa,MX,2022-04-07 22:51:53,16.5167,-98.75,82.51,62,100,7.7,overcast clouds
273,Camaqua,BR,2022-04-07 22:51:54,-30.8511,-51.8122,65.89,96,100,1.68,light rain
274,Pacific Grove,US,2022-04-07 22:48:41,36.6177,-121.9166,82.89,58,20,3.87,few clouds
275,Okhotsk,RU,2022-04-07 22:51:55,59.3833,143.3,26.24,92,100,11.79,light snow
276,Monywa,MM,2022-04-07 22:51:55,22.1167,95.1333,86.43,40,94,1.66,overcast clouds
277,Ulladulla,AU,2022-04-07 22:47:29,-35.35,150.4667,65.3,87,100,9.78,overcast clouds
278,Mahanje,TZ,2022-04-07 22:51:56,-9.9333,35.3333,63.01,96,6,3.13,clear sky
279,Rio Verde De Mato Grosso,BR,2022-04-07 22:51:56,-18.9181,-54.8442,79.39,71,51,3.69,broken clouds
280,Baruun-Urt,MN,2022-04-07 22:51:57,46.6806,113.2792,47.26,45,100,14.52,overcast clouds
281,College,US,2022-04-07 22:51:57,64.8569,-147.8028,42.75,49,40,4.61,scattered clouds
282,Saint Anthony,US,2022-04-07 22:51:58,45.0205,-93.218,34.93,83,100,19.57,overcast clouds
283,Mahon,ES,2022-04-07 22:51:59,39.8885,4.2658,57.76,72,0,11.5,clear sky
284,Dunedin,NZ,2022-04-07 22:52:00,-45.8742,170.5036,57.79,59,100,21.0,overcast clouds
285,Lorengau,PG,2022-04-07 22:52:01,-2.0226,147.2712,81.82,83,100,16.46,overcast clouds
286,Ancud,CL,2022-04-07 22:52:01,-41.8697,-73.8203,57.22,87,97,1.86,overcast clouds
287,Codrington,AU,2022-04-07 22:52:02,-38.2667,141.9667,61.93,74,4,10.94,clear sky
288,Lasa,IT,2022-04-07 22:52:02,46.6166,10.7002,45.48,96,94,5.35,overcast clouds
289,Barra Patuca,HN,2022-04-07 22:52:03,15.8,-84.2833,82.51,73,41,15.66,scattered clouds
290,Husavik,IS,2022-04-07 22:52:04,66.0449,-17.3389,25.38,85,100,3.04,overcast clouds
291,Tokur,RU,2022-04-07 22:52:04,53.1333,132.9,9.27,91,98,3.58,overcast clouds
292,Nkoteng,CM,2022-04-07 22:52:05,4.5167,12.0333,74.19,85,55,4.16,broken clouds
293,Rovaniemi,FI,2022-04-07 22:52:06,66.5,25.7167,24.21,100,0,10.36,clear sky
294,Maniitsoq,GL,2022-04-07 22:52:06,65.4167,-52.9,16.7,88,22,11.3,few clouds
295,Conceicao Da Barra,BR,2022-04-07 22:52:07,-18.5933,-39.7322,75.22,90,22,5.3,few clouds
296,Aksarka,RU,2022-04-07 22:52:07,66.5606,67.7975,-5.1,100,100,6.82,overcast clouds
297,Cayenne,GF,2022-04-07 22:52:08,4.9333,-52.3333,76.08,1,75,5.75,moderate rain
298,Kruisfontein,ZA,2022-04-07 22:52:08,-34.0033,24.7314,56.88,81,27,7.27,scattered clouds
299,Sonqor,IR,2022-04-07 22:52:09,34.7837,47.6004,46.87,63,23,5.68,few clouds
300,Aleksandrov Gay,RU,2022-04-07 22:52:09,50.147,48.5704,47.46,78,76,9.55,broken clouds
301,Zhezkazgan,KZ,2022-04-07 22:52:10,47.8043,67.7144,38.88,72,6,10.13,clear sky
302,Luganville,VU,2022-04-07 22:52:11,-15.5333,167.1667,82.2,81,100,7.34,overcast clouds
303,Blyth,GB,2022-04-07 22:52:12,55.1271,-1.5086,37.47,83,20,11.5,few clouds
304,Amalapuram,IN,2022-04-07 22:52:12,16.5833,82.0167,75.61,96,10,1.19,clear sky
305,Sola,VU,2022-04-07 22:52:13,-13.8833,167.55,82.8,77,93,16.53,overcast clouds
306,Rabo De Peixe,PT,2022-04-07 22:49:12,37.8,-25.5833,58.51,100,75,12.66,mist
307,Canico,PT,2022-04-07 22:52:13,32.6333,-16.85,59.72,82,20,4.61,few clouds
308,Mackay,AU,2022-04-07 22:52:14,-21.15,149.2,81.68,83,75,14.97,broken clouds
309,Puerto Madryn,AR,2022-04-07 22:53:15,-42.7692,-65.0385,58.35,87,100,16.33,overcast clouds
310,Broome,US,2022-04-07 22:53:15,42.2506,-75.833,48.45,83,100,1.99,light rain
311,Christchurch,NZ,2022-04-07 22:53:16,-43.5333,172.6333,60.91,74,0,8.05,clear sky
312,Shubarshi,KZ,2022-04-07 22:53:16,48.5872,57.1869,43.48,75,4,3.04,clear sky
313,Sistranda,NO,2022-04-07 22:53:17,63.7256,8.834,28.36,62,6,21.09,clear sky
314,Cetraro,IT,2022-04-07 22:53:17,39.5166,15.9416,56.25,94,59,6.6,broken clouds
315,Miles City,US,2022-04-07 22:53:17,46.4083,-105.8406,49.8,32,22,16.69,few clouds
316,Torit,SS,2022-04-07 22:53:18,4.4133,32.5678,77.68,44,83,3.51,broken clouds
317,Mitsamiouli,KM,2022-04-07 22:53:18,-11.3847,43.2844,80.94,73,15,3.74,few clouds
318,Totness,SR,2022-04-07 22:53:19,5.8833,-56.3167,77.63,85,33,9.69,scattered clouds
319,Graciano Sanchez,MX,2022-04-07 22:53:19,23.9167,-99.2833,81.55,20,72,6.96,broken clouds
320,Namibe,AO,2022-04-07 22:53:20,-15.1961,12.1522,71.33,74,1,2.3,clear sky
321,Altona,DE,2022-04-07 22:53:21,53.55,9.9333,43.07,91,100,23.02,overcast clouds
322,La Reforma,MX,2022-04-07 22:53:22,25.0833,-108.05,78.51,55,2,11.41,clear sky
323,Selkirk,CA,2022-04-07 22:53:12,50.1436,-96.8845,40.15,75,99,20.62,overcast clouds
324,Verkh-Usugli,RU,2022-04-07 22:53:23,52.7,115.1667,35.6,66,16,9.6,few clouds
325,Neuquen,AR,2022-04-07 22:48:39,-38.9516,-68.0591,73.29,49,0,3.44,clear sky
326,Lagoa,PT,2022-04-07 22:53:23,39.05,-27.9833,59.41,83,100,13.6,overcast clouds
327,Kudahuvadhoo,MV,2022-04-07 22:53:25,2.6708,72.8944,82.8,69,64,3.47,broken clouds
328,Ambunti,PG,2022-04-07 22:53:25,-4.2365,142.8448,76.35,95,100,1.92,overcast clouds
329,Joshimath,IN,2022-04-07 22:53:26,30.5667,79.5667,54.07,35,0,9.08,clear sky
330,Meulaboh,ID,2022-04-07 22:53:26,4.1363,96.1285,75.49,85,99,3.96,overcast clouds
331,Vostok,RU,2022-04-07 22:53:27,46.4856,135.8833,28.4,60,33,6.46,scattered clouds
332,Tiznit,MA,2022-04-07 22:53:27,29.5833,-9.5,57.42,66,0,2.24,clear sky
333,Kizilskoye,RU,2022-04-07 22:53:28,52.7255,58.8937,31.17,85,19,3.51,few clouds
334,Tuy Hoa,VN,2022-04-07 22:49:54,13.0833,109.3,71.19,87,98,8.1,overcast clouds
335,Wadena,US,2022-04-07 22:49:17,46.4425,-95.1361,33.55,69,100,13.8,overcast clouds
336,Oistins,BB,2022-04-07 22:51:27,13.0667,-59.5333,80.69,69,40,16.11,scattered clouds
337,Kloulklubed,PW,2022-04-07 22:53:29,7.0419,134.2556,77.5,82,100,15.05,overcast clouds
338,Werda,BW,2022-04-07 22:53:30,-25.2667,23.2833,64.29,31,56,8.59,broken clouds
339,Bozoum,CF,2022-04-07 22:53:30,6.3193,16.3799,75.13,69,76,3.51,broken clouds
340,Krasnyy Kut,RU,2022-04-07 22:53:31,50.95,46.9667,47.3,76,97,8.46,overcast clouds
341,Tura,IN,2022-04-07 22:53:31,25.5198,90.2201,70.14,80,8,4.29,clear sky
342,Montepuez,MZ,2022-04-07 22:53:32,-13.1256,38.9997,68.02,97,14,2.59,few clouds
343,Saint-Augustin,CA,2022-04-07 22:53:32,51.226,-58.6502,33.89,97,99,6.87,overcast clouds
344,Marawi,PH,2022-04-07 22:53:33,7.9986,124.2928,70.61,95,100,3.58,heavy intensity rain
345,Kokstad,ZA,2022-04-07 22:53:33,-30.5472,29.4241,46.89,93,100,2.26,overcast clouds
346,Rapid Valley,US,2022-04-07 22:51:54,44.0625,-103.1463,48.24,41,20,46.04,few clouds
347,Kilindoni,TZ,2022-04-07 22:53:34,-7.9139,39.6668,82.35,70,0,7.81,clear sky
348,Nabire,ID,2022-04-07 22:49:20,-3.3667,135.4833,78.75,86,99,1.86,overcast clouds
349,Evensk,RU,2022-04-07 22:53:34,61.95,159.2333,16.11,71,100,2.77,overcast clouds
350,Coihaique,CL,2022-04-07 22:50:44,-45.5752,-72.0662,56.01,81,20,3.44,few clouds
351,Kelvington,CA,2022-04-07 22:53:35,52.1667,-103.5343,33.06,82,87,5.3,overcast clouds
352,Tam Ky,VN,2022-04-07 22:53:35,15.5667,108.4833,67.08,92,90,4.72,overcast clouds
353,Goderich,CA,2022-04-07 22:53:36,43.7501,-81.7165,43.12,75,57,4.61,broken clouds
354,Smirnykh,RU,2022-04-07 22:53:36,49.75,142.8333,30.67,67,96,5.48,overcast clouds
355,Watsa,CD,2022-04-07 22:53:37,3.0372,29.5355,63.03,95,100,3.27,light rain
356,Itacoatiara,BR,2022-04-07 22:53:37,-3.1431,-58.4442,77.07,93,59,2.77,light rain
357,Hami,CN,2022-04-07 22:54:38,42.8,93.45,60.58,18,2,3.36,clear sky
358,Batagay-Alyta,RU,2022-04-07 22:54:38,67.8006,130.4114,2.77,85,49,2.89,scattered clouds
359,Buala,SB,2022-04-07 22:54:39,-8.145,159.5921,82.65,78,98,11.77,light rain
360,Carros,FR,2022-04-07 22:54:39,43.7894,7.184,59.45,61,0,19.57,clear sky
361,Barabinsk,RU,2022-04-07 22:54:40,55.3571,78.357,32.31,83,100,6.33,overcast clouds
362,Peterhead,GB,2022-04-07 22:54:40,57.5058,-1.7981,36.45,76,29,19.08,scattered clouds
363,Mount Gambier,AU,2022-04-07 22:54:41,-37.8333,140.7667,55.31,94,5,5.75,clear sky
364,Srednekolymsk,RU,2022-04-07 22:54:41,67.45,153.6833,3.85,86,42,8.19,scattered clouds
365,Polohy,UA,2022-04-07 22:54:42,47.4844,36.2536,49.23,76,78,13.56,broken clouds
366,Requena,ES,2022-04-07 22:54:42,39.4883,-1.1004,50.85,63,2,11.79,clear sky
367,Pisco,PE,2022-04-07 22:54:43,-13.7,-76.2167,69.85,78,0,26.46,clear sky
368,Cap Malheureux,MU,2022-04-07 22:54:43,-19.9842,57.6142,76.46,87,7,1.99,clear sky
369,Chokurdakh,RU,2022-04-07 22:54:44,70.6333,147.9167,-6.41,83,75,5.28,broken clouds
370,Nikki,BJ,2022-04-07 22:54:44,9.9401,3.2108,86.34,47,53,12.48,broken clouds
371,Rudnichnyy,RU,2022-04-07 22:54:45,59.617,52.4703,17.74,97,35,3.62,scattered clouds
372,Aguimes,ES,2022-04-07 22:54:45,27.9054,-15.4461,61.43,55,75,19.57,broken clouds
373,Vredendal,ZA,2022-04-07 22:54:46,-31.6683,18.5012,62.56,44,3,7.18,clear sky
374,Tevaitoa,PF,2022-04-07 22:54:47,-16.7833,-151.5,81.9,76,13,17.87,light rain
375,Baykit,RU,2022-04-07 22:54:48,61.67,96.37,21.51,96,100,4.54,overcast clouds
376,Nchelenge,ZM,2022-04-07 22:54:48,-9.3451,28.734,69.78,84,93,5.3,overcast clouds
377,Eirunepe,BR,2022-04-07 22:54:49,-6.6603,-69.8736,76.23,94,100,0.69,overcast clouds
378,Rio Maior,PT,2022-04-07 22:54:49,39.3373,-8.9391,58.44,80,76,3.0,broken clouds
379,Trinidad,BO,2022-04-07 22:53:28,-14.8333,-64.9,91.38,58,40,3.44,scattered clouds
380,Kindu,CD,2022-04-07 22:54:50,-2.95,25.95,68.63,99,100,1.25,overcast clouds
381,Maloy,NO,2022-04-07 22:54:51,61.9353,5.1136,37.13,57,63,19.37,broken clouds
382,Boda,CF,2022-04-07 22:54:52,4.3189,17.4695,75.45,70,16,1.97,light rain
383,Creel,MX,2022-04-07 22:54:54,27.75,-107.6333,74.1,12,33,0.74,scattered clouds
384,Hokitika,NZ,2022-04-07 22:54:54,-42.7167,170.9667,59.47,62,92,8.7,overcast clouds
385,Verkhnevilyuysk,RU,2022-04-07 22:54:55,63.4453,120.3167,5.83,95,88,5.28,overcast clouds
386,Caronport,CA,2022-04-07 22:54:55,50.4501,-105.8179,50.2,49,70,6.35,broken clouds
387,Zhovti Vody,UA,2022-04-07 22:54:56,48.3473,33.5003,45.25,73,91,6.38,overcast clouds
388,Los Llanos De Aridane,ES,2022-04-07 22:54:58,28.6585,-17.9182,58.75,80,40,10.36,scattered clouds
389,Jiehu,CN,2022-04-07 22:54:58,35.5428,118.455,54.57,92,0,4.63,clear sky
390,La Rioja,ES,2022-04-07 22:50:24,42.25,-2.5,46.18,77,99,8.03,overcast clouds
391,Constitucion,CL,2022-04-07 22:54:59,-35.3333,-72.4167,57.67,91,31,12.3,scattered clouds
392,Jeremie,HT,2022-04-07 22:55:00,18.65,-74.1167,79.3,78,45,5.39,scattered clouds
393,Caohai,CN,2022-04-07 22:55:01,26.8661,104.2841,43.86,70,52,5.95,broken clouds
394,Strezhevoy,RU,2022-04-07 22:55:01,60.7333,77.5889,27.07,98,91,4.59,light snow
395,Ambon,ID,2022-04-07 22:55:02,-3.6954,128.1814,82.54,78,40,3.44,scattered clouds
396,Pangkalanbuun,ID,2022-04-07 22:55:02,-2.6833,111.6167,72.66,98,96,2.51,overcast clouds
397,Nagothana,IN,2022-04-07 22:55:03,18.5333,73.1333,77.58,68,9,3.85,clear sky
398,Sarkand,KZ,2022-04-07 22:55:03,45.41,79.9186,59.61,49,100,8.3,overcast clouds
399,Kaeo,NZ,2022-04-07 22:55:04,-35.1,173.7833,67.32,91,98,9.1,overcast clouds
400,Praia Da Vitoria,PT,2022-04-07 22:56:04,38.7333,-27.0667,61.05,82,20,7.18,few clouds
401,Atar,MR,2022-04-07 22:56:05,20.5169,-13.0499,75.92,17,0,10.96,clear sky
402,Whyalla,AU,2022-04-07 22:56:05,-33.0333,137.5833,60.69,94,5,5.75,clear sky
403,Parabel,RU,2022-04-07 22:56:06,58.6978,81.4825,27.32,95,84,7.36,broken clouds
404,Tacna,PE,2022-04-07 22:56:06,-18.0056,-70.2483,66.4,64,0,10.36,clear sky
405,Ilulissat,GL,2022-04-07 22:53:27,69.2167,-51.1,3.18,96,28,3.11,scattered clouds
406,Bandarbeyla,SO,2022-04-07 22:56:07,9.4942,50.8122,79.11,81,65,6.78,broken clouds
407,Vaitape,PF,2022-04-07 22:56:07,-16.5167,-151.75,82.18,75,21,18.01,few clouds
408,Urusha,RU,2022-04-07 22:56:09,54.05,122.9,22.69,90,99,2.93,overcast clouds
409,Zharkovskiy,RU,2022-04-07 22:56:10,55.849,32.2697,43.88,96,100,10.33,overcast clouds
410,Kieta,PG,2022-04-07 22:56:11,-6.2167,155.6333,80.67,77,95,3.13,overcast clouds
411,Erenhot,CN,2022-04-07 22:56:11,43.6475,111.9767,50.18,26,41,10.8,scattered clouds
412,Lunenburg,CA,2022-04-07 22:56:12,44.3835,-64.3155,42.06,74,87,6.91,overcast clouds
413,Mayo,US,2022-04-07 22:53:47,38.8876,-76.5119,52.21,94,100,10.36,mist
414,Port Shepstone,ZA,2022-04-07 22:56:14,-30.7414,30.455,65.84,60,100,16.82,overcast clouds
415,Terrace Bay,CA,2022-04-07 22:56:14,48.7834,-87.1,33.21,85,100,16.82,overcast clouds
416,Great Yarmouth,GB,2022-04-07 22:56:15,52.6083,1.7305,39.45,81,48,15.3,scattered clouds
417,Karratha,AU,2022-04-07 22:56:15,-20.7377,116.8463,84.07,51,2,8.23,clear sky
418,Marsa Matruh,EG,2022-04-07 22:56:16,31.3525,27.2453,62.8,88,40,18.41,scattered clouds
419,Muzhi,RU,2022-04-07 22:56:16,65.3667,64.6667,5.85,96,100,5.64,overcast clouds
420,Songjianghe,CN,2022-04-07 22:56:16,42.1859,127.479,37.04,35,1,9.89,clear sky
421,Mecca,SA,2022-04-07 22:56:17,21.4267,39.8261,77.99,41,0,1.21,clear sky
422,Nantucket,US,2022-04-07 22:56:18,41.2835,-70.0995,48.34,86,100,29.1,overcast clouds
423,Huilong,CN,2022-04-07 22:56:18,31.8111,121.655,57.92,80,0,9.31,clear sky
424,Hualmay,PE,2022-04-07 22:56:19,-11.0964,-77.6139,70.36,80,90,12.06,overcast clouds
425,Burgeo,CA,2022-04-07 22:52:10,47.6167,-57.6152,36.81,80,35,9.55,scattered clouds
426,Maunabo,PR,2022-04-07 22:56:01,18.0072,-65.8993,79.29,82,22,10.51,few clouds
427,Gualaquiza,EC,2022-04-07 22:56:21,-3.4,-78.55,67.75,94,93,1.21,light rain
428,Fairbanks,US,2022-04-07 22:55:02,64.8378,-147.7164,42.22,53,0,4.61,clear sky
429,Lyubinskiy,RU,2022-04-07 22:56:22,55.1542,72.6925,37.08,96,100,9.42,overcast clouds
430,Nauta,PE,2022-04-07 22:56:23,-4.5061,-73.5757,76.35,93,90,1.36,overcast clouds
431,Tupik,RU,2022-04-07 22:56:23,54.4253,119.9327,21.65,94,99,2.66,overcast clouds
432,Rodbyhavn,DK,2022-04-07 22:56:24,54.6544,11.352,42.15,88,96,32.21,overcast clouds
433,Hinton,CA,2022-04-07 22:56:24,53.4001,-117.5857,51.93,63,100,4.79,overcast clouds
434,Sioux Lookout,CA,2022-04-07 22:56:25,50.1001,-91.917,37.47,48,100,9.22,overcast clouds
435,Concordia,AR,2022-04-07 22:56:25,-31.393,-58.0209,67.32,90,98,4.97,overcast clouds
436,Xining,CN,2022-04-07 22:55:56,36.6167,101.7667,43.92,28,82,2.89,broken clouds
437,Houma,US,2022-04-07 22:55:51,29.5958,-90.7195,73.0,29,0,11.01,clear sky
438,Killybegs,IE,2022-04-07 22:56:26,54.6333,-8.45,40.33,76,41,7.99,scattered clouds
439,Jimalalud,PH,2022-04-07 22:56:27,9.9797,123.1999,78.1,85,100,5.3,overcast clouds
440,Nanakuli,US,2022-04-07 22:56:27,21.3906,-158.1547,81.99,60,4,19.33,clear sky
441,Gallup,US,2022-04-07 22:56:28,35.5281,-108.7426,60.03,8,0,14.61,clear sky
442,Namtsy,RU,2022-04-07 22:56:28,62.7161,129.6658,13.24,95,96,3.42,overcast clouds
443,Sur,OM,2022-04-07 22:57:29,22.5667,59.5289,85.1,41,2,10.22,clear sky
444,Yumen,CN,2022-04-07 22:57:29,40.2833,97.2,55.27,16,5,13.33,clear sky
445,Leirvik,NO,2022-04-07 22:57:30,59.7798,5.5005,38.62,80,78,11.03,broken clouds
446,Lompoc,US,2022-04-07 22:55:53,34.6391,-120.4579,95.77,19,0,6.91,clear sky
447,Mahajanga,MG,2022-04-07 22:57:30,-15.7167,46.3167,78.82,89,40,6.91,scattered clouds
448,Carutapera,BR,2022-04-07 22:57:31,-1.195,-46.02,76.1,93,79,6.11,heavy intensity rain
449,Sibu,MY,2022-04-07 22:57:32,2.3,111.8167,73.71,94,40,2.3,scattered clouds
450,Hambantota,LK,2022-04-07 22:57:32,6.1241,81.1185,78.22,83,97,4.03,overcast clouds
451,Puebla,MX,2022-04-07 22:54:51,18.8333,-98.0,76.89,32,86,21.7,overcast clouds
452,Sobolevo,RU,2022-04-07 22:57:33,54.4299,31.8996,45.91,87,100,14.9,overcast clouds
453,Comodoro Rivadavia,AR,2022-04-07 22:57:33,-45.8667,-67.5,51.66,100,100,11.5,mist
454,Iisalmi,FI,2022-04-07 22:57:34,63.5592,27.1907,27.7,95,100,8.57,overcast clouds
455,Siderno,IT,2022-04-07 22:57:34,38.2779,16.302,51.33,79,9,18.19,clear sky
456,Antsohihy,MG,2022-04-07 22:54:20,-14.8796,47.9875,74.37,95,78,1.3,broken clouds
457,Boyolangu,ID,2022-04-07 22:57:35,-8.1181,111.8935,73.94,93,86,2.53,overcast clouds
458,Russell,US,2022-04-07 22:57:36,32.3502,-85.1999,72.68,33,4,11.48,clear sky
459,Santa Isabel Do Rio Negro,BR,2022-04-07 22:57:36,-0.4139,-65.0192,75.97,96,95,1.36,overcast clouds
460,Petropavlovsk-Kamchatskiy,RU,2022-04-07 22:57:37,53.0452,158.6483,32.59,100,100,2.24,overcast clouds
461,Aktash,RU,2022-04-07 22:57:37,50.3,87.7333,28.0,88,100,2.75,snow
462,Durban,ZA,2022-04-07 22:57:38,-29.8579,31.0292,64.02,86,100,1.01,overcast clouds
463,Skjervoy,NO,2022-04-07 22:57:38,70.0311,20.9714,23.0,70,100,9.22,overcast clouds
464,Kutum,SD,2022-04-07 22:57:38,14.2,24.6667,75.47,12,2,7.18,clear sky
465,Cairns,AU,2022-04-07 22:57:39,-16.9167,145.7667,84.11,77,54,6.91,broken clouds
466,Kungurtug,RU,2022-04-07 22:57:00,50.5994,97.5228,30.31,95,81,1.95,broken clouds
467,Peleduy,RU,2022-04-07 22:57:40,59.6289,112.7406,31.5,97,100,9.57,light snow
468,Capaci,IT,2022-04-07 22:57:40,38.1711,13.2393,58.6,72,0,16.11,clear sky
469,Kayes,ML,2022-04-07 22:57:41,14.0,-11.0,97.34,10,82,5.73,broken clouds
470,Lusambo,CD,2022-04-07 22:57:41,-4.9667,23.45,70.14,93,99,1.45,overcast clouds
471,Joensuu,FI,2022-04-07 22:57:42,62.6012,29.7632,32.49,89,100,6.91,overcast clouds
472,Gornopravdinsk,RU,2022-04-07 22:57:42,60.05,69.9,32.43,98,100,8.97,light snow
473,Lebork,PL,2022-04-07 22:57:43,54.5392,17.7501,44.15,77,62,19.71,broken clouds
474,Povenets,RU,2022-04-07 22:57:43,62.8487,34.8262,31.51,98,100,11.81,snow
475,Bandundu,CD,2022-04-07 22:57:43,-3.3167,17.3667,72.3,90,100,1.9,overcast clouds
476,Dillon,US,2022-04-07 22:57:44,34.4166,-79.3712,75.11,43,12,16.35,few clouds
477,Preobrazheniye,RU,2022-04-07 22:57:45,42.9019,133.9064,36.68,60,6,9.69,clear sky
478,Sangin,AF,2022-04-07 22:57:47,32.0728,64.8359,73.54,15,0,1.3,clear sky
479,Roald,NO,2022-04-07 22:55:39,62.5833,6.1333,39.76,80,20,19.57,few clouds
480,Ferme-Neuve,CA,2022-04-07 22:57:48,46.7001,-75.4493,39.43,95,100,13.09,overcast clouds
481,Svetlaya,RU,2022-04-07 22:57:48,46.5389,138.3297,34.5,52,66,6.73,broken clouds
482,Gondanglegi,ID,2022-04-07 22:57:49,-7.7479,112.0132,73.72,91,97,7.23,overcast clouds
483,Luanda,AO,2022-04-07 22:56:09,-8.8368,13.2343,78.8,83,75,6.91,broken clouds
484,Souillac,MU,2022-04-07 22:57:49,-20.5167,57.5167,79.18,83,40,10.36,light rain
485,Valasske Klobouky,CZ,2022-04-07 22:57:50,49.1406,18.0076,48.67,80,100,16.24,overcast clouds
486,Sembe,CG,2022-04-07 22:53:55,1.6481,14.5806,74.62,78,42,0.31,scattered clouds
487,Iqaluit,CA,2022-04-07 22:55:50,63.7506,-68.5145,17.33,73,40,2.3,scattered clouds
488,Sao Felix Do Xingu,BR,2022-04-07 22:55:26,-6.6447,-51.995,73.85,95,45,2.42,scattered clouds
489,Port Blair,IN,2022-04-07 22:55:40,11.6667,92.75,78.84,94,40,2.3,thunderstorm
490,Sao Raimundo Nonato,BR,2022-04-07 22:58:51,-9.0153,-42.6994,77.58,33,45,2.44,scattered clouds
491,Moerai,PF,2022-04-07 22:58:52,-22.4333,-151.3333,81.1,74,9,12.33,clear sky
492,Astoria,US,2022-04-07 22:58:52,46.1879,-123.8313,62.85,54,95,5.01,overcast clouds
493,Kananga,CD,2022-04-07 22:58:53,-5.8958,22.4178,70.25,83,44,2.35,scattered clouds
494,Shingu,JP,2022-04-07 22:58:53,33.7333,135.9833,59.22,51,0,2.8,clear sky
495,Sao Joao Da Barra,BR,2022-04-07 22:54:28,-21.6403,-41.0511,76.17,79,97,6.78,overcast clouds
496,Kedrovyy,RU,2022-04-07 22:58:54,56.1667,91.8167,30.87,96,76,4.63,broken clouds
497,Odweyne,SO,2022-04-07 22:58:54,9.4092,45.064,72.12,45,59,8.28,broken clouds
498,Atambua,ID,2022-04-07 22:58:54,-9.1061,124.8925,75.13,83,100,1.97,overcast clouds
499,Valleyview,CA,2022-04-07 22:58:55,55.0667,-117.2859,59.04,25,49,9.22,scattered clouds
500,Suffolk,US,2022-04-07 22:56:15,40.8668,-72.7996,51.85,93,100,13.8,overcast clouds
501,Turkistan,KZ,2022-04-07 22:58:55,43.0,68.0,62.29,51,63,7.2,broken clouds
502,Erzin,TR,2022-04-07 22:58:57,36.9559,36.2,60.73,75,94,0.16,overcast clouds
503,Srinagar,IN,2022-04-07 22:58:57,34.0833,74.8167,53.92,38,0,2.89,clear sky
504,Hurghada,EG,2022-04-07 22:55:34,27.2574,33.8129,82.44,14,0,8.05,clear sky
505,Richards Bay,ZA,2022-04-07 22:58:58,-28.783,32.0377,65.57,89,100,9.8,light rain
506,Novobirilyussy,RU,2022-04-07 22:58:58,56.9514,90.6661,29.57,95,60,5.12,broken clouds
507,Chumikan,RU,2022-04-07 22:58:59,54.7183,135.315,17.37,91,99,6.06,overcast clouds
508,La Ronge,CA,2022-04-07 22:58:59,55.1001,-105.2842,43.05,52,40,8.05,scattered clouds
509,Riyadh,SA,2022-04-07 22:54:06,24.6877,46.7219,77.14,9,2,6.24,clear sky
510,Pankovka,RU,2022-04-07 22:59:00,58.5,31.1999,37.06,99,100,8.14,overcast clouds
511,Nouakchott,MR,2022-04-07 22:59:00,18.0858,-15.9785,84.13,39,4,13.76,clear sky
512,Lufilufi,WS,2022-04-07 22:59:01,-13.8745,-171.5986,83.98,78,100,13.31,light rain
513,Basco,PH,2022-04-07 22:59:01,20.4487,121.9702,74.79,74,100,30.87,overcast clouds
514,Sladkovo,RU,2022-04-07 22:59:02,55.5284,70.3385,33.66,98,98,9.37,snow
515,Gao,ML,2022-04-07 22:59:03,16.6362,1.637,90.19,7,0,7.78,clear sky
516,Kannur,IN,2022-04-07 22:59:04,11.8675,75.3576,79.54,88,68,4.29,broken clouds
517,Gbadolite,CD,2022-04-07 22:55:09,4.2833,21.0167,72.18,94,91,5.32,light rain
518,Ca Mau,VN,2022-04-07 22:59:04,9.1769,105.15,76.14,86,99,3.8,overcast clouds
519,Big Bend,SZ,2022-04-07 22:59:05,-26.8167,31.9333,68.09,77,100,0.0,overcast clouds
520,Haines Junction,CA,2022-04-07 22:59:06,60.7522,-137.5108,39.15,48,100,5.75,overcast clouds
521,Grand Gaube,MU,2022-04-07 22:59:06,-20.0064,57.6608,79.2,87,11,3.0,few clouds
522,Bastia,FR,2022-04-07 22:57:33,42.6667,9.3333,63.03,64,0,21.0,clear sky
523,Ust-Kulom,RU,2022-04-07 22:59:07,61.6864,53.6902,30.72,97,100,5.19,overcast clouds
524,Uthal,PK,2022-04-07 22:59:08,25.8072,66.6219,82.6,35,0,2.8,clear sky
525,Asau,RO,2022-04-07 22:59:09,46.4333,26.4,45.95,82,98,5.28,overcast clouds
526,Springbok,ZA,2022-04-07 22:59:09,-29.6643,17.8865,55.9,35,82,11.9,broken clouds
527,Praia,CV,2022-04-07 22:59:09,14.9215,-23.5087,70.34,78,20,12.66,few clouds
528,Wahiawa,US,2022-04-07 22:59:10,21.5028,-158.0236,78.76,61,11,17.07,few clouds
529,Nyuksenitsa,RU,2022-04-07 22:59:10,60.4128,44.2397,29.8,94,100,9.55,overcast clouds
530,Port Macquarie,AU,2022-04-07 22:59:11,-31.4333,152.9167,68.9,88,100,9.22,overcast clouds
531,Osorno,CL,2022-04-07 22:57:55,-40.5667,-73.15,62.91,77,75,3.44,broken clouds
532,Ceres,US,2022-04-07 22:54:34,37.5949,-120.9577,91.04,33,51,2.8,broken clouds
533,Maridi,SS,2022-04-07 22:59:11,4.9158,29.4742,68.67,82,94,3.04,overcast clouds
534,Porto Novo,BJ,2022-04-07 22:59:12,6.4965,2.6036,84.02,81,74,7.65,broken clouds
535,Bella Vista,US,2022-04-07 23:00:13,36.4295,-94.2316,54.5,44,85,24.0,overcast clouds
536,Cerkezkoy,TR,2022-04-07 23:00:14,41.285,28.0003,46.58,93,40,8.05,scattered clouds
537,Teguldet,RU,2022-04-07 23:00:15,57.3064,88.1667,28.4,97,65,4.81,broken clouds
538,Bilibino,RU,2022-04-07 22:58:34,68.0546,166.4372,-4.9,87,74,0.47,broken clouds
539,Balabac,PH,2022-04-07 23:00:16,7.9868,117.0645,77.88,86,100,7.45,overcast clouds
